player_id,player,college,conference,years,games_played,completions,passes_attempted,passing_yards,passing_touchdowns,interceptions,passer_rating,rushing_attempts,rushing_yards,rushing_touchdowns,wins,losses,highest_rank,conference_wins,conference_losses,points_for,points_against,years_missing,height,weight,age
2000-18,Chad Pennington,42,7,3,36.0,807.0,1265.0,10698.0,100.0,30.0,156.5,163.0,18.0,4.0,35,4,10,25,2,1352,632,0,75.4,229.0,24
2000-75,Chris Redman,41,5,4,43.0,1031.0,1679.0,12541.0,84.0,51.0,131.825,167.0,-412.0,3.0,20,26,999,10,13,1343,1412,0,74.8,222.0,23
2000-163,Tee Martin,77,11,4,38.0,326.0,588.0,4592.0,32.0,16.0,122.875,204.0,614.0,16.0,43,7,1,30,4,1665,854,0,73.6,227.0,22
2000-168,Marc Bulger,96,3,4,36.0,571.0,933.0,7371.0,53.0,31.0,136.65,100.0,-293.0,2.0,27,20,11,16,12,1333,997,0,73.6,208.0,23
2000-183,Spergon Wynn,80,4,1,2.0,0.0,1.0,0.0,0.0,1.0,-200.0,3.0,8.0,0.0,4,7,999,1,7,236,340,0,75.4,229.0,22
2000-199,Tom Brady,46,4,4,29.0,395.0,638.0,4773.0,30.0,17.0,118.125,90.0,-150.0,3.0,40,9,1,26,6,1319,780,0,76.4,211.0,23
2000-202,Todd Husak,74,9,4,36.0,465.0,872.0,6564.0,41.0,24.0,118.4,99.0,-136.0,3.0,23,23,16,17,15,1202,1275,0,75.1,216.0,22
2000-212,Tim Rattay,40,6,3,33.0,1015.0,1552.0,12746.0,115.0,35.0,153.9333333333333,153.0,-103.0,2.0,23,11,25,0,0,1246,989,0,72.5,215.0,23
2000-214,Jarious Jackson,57,6,4,36.0,306.0,536.0,4820.0,34.0,21.0,162.65,272.0,957.0,13.0,29,19,5,0,0,1365,1025,0,73.0,226.0,23
2000-234,Joe Hamilton,27,0,4,43.0,629.0,1020.0,8882.0,65.0,39.0,144.8,501.0,1758.0,18.0,30,17,7,21,11,1421,1188,0,70.3,192.0,23
2001-1,Michael Vick,93,3,2,20.0,177.0,313.0,3074.0,20.0,11.0,153.9,212.0,1202.0,16.0,22,2,2,13,1,968,431,0,72.0,210.0,21
2001-32,Drew Brees,65,4,4,41.0,942.0,1525.0,10909.0,81.0,41.0,123.1,229.0,906.0,14.0,33,16,9,22,10,1605,1114,0,72.3,213.0,22
2001-53,Quincy Carter,26,11,3,29.0,483.0,853.0,6447.0,35.0,25.0,125.16666666666669,251.0,606.0,11.0,25,11,7,16,8,959,744,0,74.1,225.0,23
2001-59,Marques Tuiasosopo,94,9,4,42.0,418.0,761.0,5501.0,31.0,28.0,124.1,346.0,1374.0,20.0,32,16,2,22,10,1441,1174,0,73.1,223.0,22
2001-106,Chris Weinke,23,0,4,36.0,650.0,1107.0,9839.0,79.0,32.0,147.975,110.0,-366.0,2.0,45,5,1,31,1,1838,681,0,76.0,232.0,29
2001-109,Sage Rosenfels,34,2,4,30.0,306.0,587.0,4164.0,18.0,26.0,79.925,164.0,660.0,14.0,17,28,25,8,24,1025,1415,0,76.4,228.0,23
2001-125,Jesse Palmer,20,11,4,27.0,254.0,479.0,3755.0,31.0,17.0,133.02499999999998,67.0,-124.0,6.0,39,11,1,28,6,1681,915,0,74.0,231.0,22
2001-149,Mike McMahon,66,3,4,35.0,482.0,974.0,6608.0,41.0,52.0,108.225,214.0,185.0,8.0,9,35,999,3,25,785,1698,0,74.4,207.0,22
2001-155,A.J. Feeley,61,9,4,20.0,146.0,278.0,2133.0,15.0,6.0,123.75,37.0,0.0,1.0,34,14,5,21,11,1614,1211,0,75.0,220.0,24
2001-172,Josh Booty,38,11,2,20.0,307.0,623.0,3951.0,24.0,34.0,105.35,53.0,-83.0,0.0,11,12,22,6,10,543,494,0,74.5,221.0,25
2001-177,Josh Heupel,59,2,2,23.0,590.0,933.0,6852.0,50.0,29.0,136.55,117.0,46.0,12.0,20,5,1,14,3,911,423,0,73.8,215.0,23
2002-1,David Carr,24,13,4,35.0,530.0,845.0,6927.0,61.0,20.0,118.35,172.0,118.0,9.0,29,20,8,22,10,1460,1108,0,75.4,223.0,23
2002-3,Joey Harrington,61,9,4,31.0,445.0,813.0,6057.0,52.0,21.0,102.425,134.0,220.0,15.0,38,10,2,25,7,1646,1117,0,76.0,215.0,23
2002-32,Patrick Ramsey,85,5,4,35.0,798.0,1355.0,9205.0,72.0,51.0,137.54999999999998,152.0,-128.0,4.0,24,22,7,11,15,1492,1535,0,74.5,219.0,23
2002-81,Josh McCown,68,13,3,30.0,340.0,664.0,4022.0,27.0,34.0,106.13333333333334,198.0,201.0,4.0,12,22,999,9,13,599,835,0,75.9,221.0,23
2002-108,David Garrard,19,5,4,44.0,666.0,1169.0,9029.0,60.0,39.0,132.575,516.0,1209.0,21.0,29,18,16,17,9,1398,1138,0,73.9,235.0,24
2002-117,Rohan Davey,38,11,4,25.0,286.0,478.0,4415.0,29.0,15.0,119.425,66.0,77.0,0.0,25,22,6,14,19,1298,1075,0,74.0,245.0,24
2002-137,Randy Fasani,74,9,4,36.0,188.0,369.0,2973.0,25.0,11.0,103.225,127.0,317.0,6.0,25,21,10,19,13,1362,1362,0,75.4,234.0,23
2002-158,Kurt Kittner,31,4,4,41.0,654.0,1205.0,8206.0,64.0,32.0,117.525,188.0,157.0,6.0,26,20,7,15,17,1221,1172,0,74.3,211.0,22
2002-163,Brandon Doman,7,8,4,32.0,313.0,504.0,4354.0,35.0,14.0,65.25,184.0,673.0,11.0,35,17,8,23,7,1635,1275,0,73.8,210.0,25
2002-164,Craig Nall,38,11,3,16.0,35.0,79.0,431.0,0.0,4.0,48.46666666666667,16.0,-65.0,0.0,15,19,6,8,16,880,773,0,75.0,230.0,23
2002-205,Steve Bellisari,58,4,4,43.0,351.0,699.0,5401.0,33.0,27.0,117.9,285.0,607.0,5.0,32,16,1,20,12,1358,897,0,75.0,225.0,22
2002-232,Jeff Kelly,73,5,4,40.0,571.0,975.0,7095.0,51.0,32.0,118.425,296.0,18.0,8.0,30,17,13,19,7,1309,816,0,73.0,212.0,23
2003-1,Carson Palmer,88,9,5,51.0,895.0,1515.0,11388.0,71.0,49.0,133.88,243.0,-99.0,9.0,36,26,4,22,18,1766,1303,0,77.0,232.0,23
2003-7,Byron Leftwich,42,7,5,54.0,939.0,1442.0,11903.0,89.0,28.0,128.52,190.0,181.0,6.0,55,10,10,39,6,2204,1354,0,77.4,241.0,23
2003-19,Kyle Boller,12,9,4,43.0,622.0,1301.0,7980.0,64.0,48.0,105.575,275.0,-169.0,6.0,15,30,23,9,23,1054,1298,0,75.0,234.0,22
2003-22,Rex Grossman,20,11,3,35.0,677.0,1110.0,9164.0,77.0,36.0,151.36666666666667,119.0,-133.0,6.0,28,10,1,20,5,1342,730,0,73.0,217.0,23
2003-88,Dave Ragone,41,5,4,41.0,685.0,1180.0,8564.0,74.0,29.0,121.675,326.0,597.0,9.0,34,16,17,21,7,1616,1175,0,75.6,249.0,23
2003-97,Chris Simms,78,2,4,41.0,535.0,911.0,7097.0,58.0,31.0,134.6,159.0,-137.0,10.0,40,12,2,26,8,1861,946,0,76.4,220.0,23
2003-110,Seneca Wallace,34,2,2,25.0,411.0,712.0,5289.0,26.0,27.0,126.2,237.0,912.0,15.0,14,12,9,8,8,713,641,0,71.4,196.0,23
2003-163,Brian St. Pierre,10,3,4,44.0,457.0,803.0,5837.0,48.0,32.0,128.075,172.0,419.0,2.0,32,17,21,14,14,1394,1065,0,75.0,218.0,23
2003-192,Drew Henson,46,4,3,24.0,196.0,351.0,2631.0,22.0,7.0,121.93333333333332,60.0,74.0,4.0,29,8,3,19,5,1124,711,0,76.0,230.0,23
2003-200,Brooks Bollinger,98,4,4,44.0,398.0,740.0,5406.0,36.0,17.0,127.875,490.0,1703.0,25.0,32,19,4,16,16,1422,1087,0,72.0,205.0,23
2003-201,Kliff Kingsbury,81,2,4,43.0,1231.0,1883.0,12429.0,95.0,40.0,133.375,273.0,-166.0,5.0,29,21,24,17,15,1522,1280,0,75.5,213.0,24
2003-232,Gibran Hamdan,32,4,3,30.0,155.0,299.0,2172.0,10.0,14.0,131.5666666666667,57.0,-43.0,1.0,11,23,999,7,17,900,1170,0,78.0,240.0,22
2003-241,Ken Dorsey,44,3,4,41.0,668.0,1153.0,9565.0,86.0,28.0,146.65,59.0,-79.0,2.0,44,6,1,27,1,1977,775,0,76.0,220.0,22
2004-1,Eli Manning,48,11,4,43.0,829.0,1363.0,10119.0,81.0,35.0,126.05,128.0,-135.0,5.0,31,18,13,18,14,1536,1255,0,76.8,221.0,23
2004-4,Philip Rivers,54,0,4,49.0,1087.0,1710.0,13484.0,95.0,34.0,143.125,252.0,96.0,17.0,34,17,10,17,15,1647,1218,0,77.0,229.0,22
2004-11,Ben Roethlisberger,45,7,3,38.0,854.0,1304.0,10829.0,84.0,34.0,150.33333333333334,269.0,246.0,7.0,27,11,10,20,5,1305,906,0,76.9,241.0,22
2004-22,J.P. Losman,85,5,4,38.0,570.0,987.0,6754.0,60.0,27.0,135.1,237.0,241.0,10.0,22,26,999,11,19,1371,1547,0,74.3,224.0,23
2004-90,Matt Schaub,92,0,4,40.0,716.0,1069.0,7502.0,56.0,26.0,130.575,132.0,58.0,5.0,28,23,15,18,14,1257,1236,0,77.6,243.0,23
2004-106,Luke McCown,40,13,4,43.0,1063.0,1775.0,12666.0,87.0,62.0,129.45,274.0,65.0,10.0,19,29,999,13,11,1353,1606,0,75.9,208.0,23
2004-148,Craig Krenzel,58,4,4,32.0,326.0,574.0,4473.0,28.0,20.0,120.1,247.0,600.0,6.0,40,11,1,24,8,1375,878,0,75.5,228.0,23
2004-187,Josh Harris,11,7,4,42.0,627.0,1028.0,7503.0,55.0,28.0,123.625,596.0,2473.0,43.0,30,18,15,20,13,1467,1112,0,73.5,238.0,21
2004-193,Jim Sorgi,98,4,4,39.0,287.0,517.0,4475.0,33.0,20.0,140.57500000000002,137.0,-39.0,4.0,29,23,4,13,19,1368,1239,0,77.0,196.0,23
2004-201,Jeff Smoker,47,4,4,40.0,663.0,1118.0,8556.0,58.0,38.0,134.60000000000002,246.0,-235.0,7.0,24,24,9,12,20,1250,1235,0,75.1,223.0,22
2004-202,John Navarre,46,4,4,46.0,744.0,1327.0,9014.0,70.0,30.0,129.825,144.0,-241.0,2.0,37,13,3,25,7,1545,950,0,78.0,246.0,23
2004-217,Cody Pickett,94,9,5,38.0,792.0,1373.0,9916.0,53.0,42.0,84.96000000000001,249.0,-186.0,11.0,39,22,3,27,13,1781,1600,0,75.5,233.0,24
2004-225,Matt Mauck,38,11,3,23.0,310.0,529.0,3831.0,37.0,18.0,115.66666666666669,149.0,345.0,5.0,31,9,2,19,7,1216,694,0,73.0,213.0,25
2004-248,B.J. Symons,81,2,4,31.0,529.0,822.0,6378.0,59.0,25.0,119.175,100.0,208.0,6.0,31,21,24,16,16,1821,1440,0,73.0,211.0,23
2004-250,Bradlee Van Pelt,16,8,3,38.0,424.0,778.0,6165.0,37.0,30.0,126.23333333333336,420.0,2274.0,25.0,24,15,16,15,6,1097,924,0,74.3,231.0,24
2005-1,Alex Smith,89,8,3,25.0,389.0,587.0,5203.0,47.0,8.0,112.40000000000002,286.0,1072.0,15.0,27,8,4,16,5,1137,689,0,76.13,217.0,21
2005-24,Aaron Rodgers,12,9,2,25.0,424.0,665.0,5469.0,43.0,13.0,150.45,160.0,336.0,8.0,18,8,4,12,4,898,533,0,74.0,223.0,21
2005-25,Jason Campbell,6,11,4,48.0,552.0,854.0,7299.0,45.0,24.0,146.775,249.0,307.0,9.0,37,14,2,24,9,1401,871,0,76.75,230.0,23
2005-67,Charlie Frye,0,7,4,46.0,913.0,1436.0,11049.0,64.0,32.0,137.375,375.0,429.0,19.0,21,25,999,18,14,1312,1439,0,75.88,225.0,24
2005-69,Andrew Walter,4,9,4,48.0,777.0,1416.0,10617.0,85.0,36.0,126.8,175.0,-475.0,0.0,26,23,15,13,19,1482,1390,0,78.13,233.0,23
2005-85,David Greene,26,11,4,51.0,849.0,1440.0,11528.0,72.0,32.0,139.375,204.0,-258.0,5.0,42,10,3,25,9,1487,841,0,75.5,226.0,22
2005-106,Kyle Orton,65,4,4,43.0,748.0,1262.0,8918.0,61.0,24.0,124.15,262.0,333.0,6.0,29,21,5,18,14,1366,998,0,76.0,233.0,22
2005-121,Stefan Lefors,41,5,4,50.0,416.0,630.0,5853.0,38.0,13.0,149.175,146.0,756.0,6.0,38,13,6,24,7,1815,1139,0,72.0,203.0,23
2005-145,Dan Orlovsky,17,3,4,46.0,916.0,1567.0,10706.0,84.0,51.0,123.55,143.0,-285.0,6.0,25,22,999,3,3,1336,1200,0,77.0,225.0,22
2005-213,Derek Anderson,62,9,4,49.0,768.0,1515.0,11249.0,79.0,57.0,114.9,182.0,-533.0,8.0,28,21,10,16,16,1454,1121,0,78.13,242.0,22
2005-229,James Kilian,86,13,4,37.0,410.0,758.0,4865.0,36.0,30.0,99.05,329.0,1083.0,19.0,14,34,999,10,22,1169,1563,0,75.25,218.0,24
2005-230,Matt Cassel,88,9,4,33.0,20.0,33.0,192.0,0.0,1.0,101.225,11.0,32.0,0.0,42,9,1,27,5,1793,855,0,76.0,225.0,23
2006-3,Vince Young,78,2,3,37.0,444.0,718.0,6040.0,44.0,28.0,140.96666666666667,457.0,3127.0,37.0,34,4,1,23,2,1608,708,0,76.6,229.0,23
2006-10,Matt Leinart,88,9,3,39.0,807.0,1245.0,10693.0,99.0,23.0,159.56666666666666,132.0,-70.0,9.0,37,2,1,23,1,1668,705,0,76.88,223.0,23
2006-11,Jay Cutler,91,11,4,45.0,710.0,1242.0,8697.0,59.0,36.0,125.25,453.0,1256.0,17.0,11,35,999,5,27,967,1333,0,75.25,226.0,23
2006-49,Kellen Clemens,61,9,4,37.0,613.0,1005.0,7555.0,61.0,24.0,133.875,273.0,535.0,6.0,30,19,6,19,13,1469,1270,0,73.63,224.0,23
2006-64,Tarvaris Jackson,2,11,2,11.0,17.0,48.0,196.0,1.0,3.0,62.75,21.0,-2.0,0.0,16,10,22,9,8,664,556,0,74.0,226.0,23
2006-81,Charlie Whitehurst,15,0,4,44.0,817.0,1368.0,9665.0,49.0,46.0,123.675,266.0,98.0,10.0,30,19,15,17,15,1247,1039,0,76.75,223.0,24
2006-85,Brodie Croyle,1,11,4,39.0,488.0,869.0,6382.0,41.0,22.0,135.22500000000002,183.0,-177.0,4.0,30,20,4,17,15,1256,850,0,74.5,205.0,23
2006-103,Brad Smith,50,2,4,48.0,835.0,1484.0,8799.0,56.0,33.0,114.04999999999998,799.0,4289.0,45.0,25,23,18,13,19,1384,1204,0,74.0,213.0,22
2006-148,Ingle Martin,25,11,2,16.0,54.0,87.0,750.0,3.0,2.0,145.3,25.0,70.0,0.0,16,10,6,12,4,726,550,0,74.25,220.0,24
2006-164,Omar Jacobs,11,7,3,25.0,523.0,811.0,6938.0,71.0,11.0,178.86666666666667,153.0,451.0,7.0,26,11,15,18,7,1374,890,0,75.88,232.0,22
2006-193,Reggie McNeal,79,2,4,42.0,478.0,875.0,6992.0,44.0,23.0,139.9,411.0,1889.0,15.0,22,25,16,13,19,1342,1380,0,74.0,198.0,22
2006-194,Bruce Gradkowski,83,7,4,49.0,766.0,1123.0,9225.0,85.0,27.0,153.9,248.0,1018.0,14.0,35,16,999,27,7,1745,1328,0,73.38,217.0,23
2006-223,D.J. Shockley,26,11,4,38.0,240.0,443.0,3555.0,34.0,9.0,128.025,154.0,643.0,7.0,44,9,3,27,8,1540,826,0,73.13,214.0,23
2007-1,JaMarcus Russell,38,11,3,36.0,493.0,797.0,6625.0,52.0,21.0,143.6,139.0,79.0,4.0,31,7,3,19,6,1165,554,0,77.5,265.0,22
2007-22,Brady Quinn,57,6,4,49.0,929.0,1602.0,11762.0,95.0,39.0,131.125,254.0,182.0,6.0,30,19,2,0,0,1375,1208,0,75.75,232.0,22
2007-36,Kevin Kolb,29,5,4,50.0,964.0,1565.0,12964.0,85.0,31.0,144.675,472.0,751.0,21.0,26,24,999,19,14,1477,1475,0,75.13,218.0,23
2007-40,John Beck,7,8,4,43.0,885.0,1418.0,11021.0,79.0,34.0,135.025,267.0,38.0,9.0,26,22,16,20,10,1337,1147,0,74.13,215.0,26
2007-43,Drew Stanton,47,4,4,45.0,543.0,846.0,6524.0,42.0,28.0,146.45000000000002,332.0,1512.0,15.0,22,26,9,12,20,1390,1276,0,75.25,226.0,23
2007-92,Trent Edwards,74,9,4,35.0,487.0,865.0,5429.0,36.0,33.0,112.45,226.0,199.0,2.0,14,31,999,9,24,824,1271,0,76.13,231.0,23
2007-103,Isaiah Stanback,94,9,4,36.0,269.0,523.0,3868.0,22.0,12.0,129.65,234.0,794.0,11.0,14,32,17,8,25,965,1298,0,74.38,216.0,23
2007-174,Troy Smith,58,4,4,43.0,420.0,670.0,5720.0,54.0,13.0,114.7,293.0,1168.0,14.0,41,9,1,25,7,1454,797,0,72.0,225.0,23
2007-205,Jordan Palmer,82,5,4,46.0,851.0,1427.0,11084.0,88.0,64.0,131.05,216.0,-43.0,7.0,23,26,23,15,17,1427,1485,0,77.63,231.0,23
2008-3,Matt Ryan,10,0,4,43.0,807.0,1347.0,9313.0,56.0,37.0,120.15,168.0,58.0,11.0,39,12,2,20,11,1340,883,0,76.75,228.0,23
2008-56,Brian Brohm,41,3,4,44.0,780.0,1185.0,10775.0,71.0,24.0,157.975,172.0,44.0,9.0,38,11,3,22,7,2031,1110,0,74.88,230.0,22
2008-57,Chad Henne,46,4,4,47.0,828.0,1387.0,9715.0,87.0,37.0,134.025,180.0,-315.0,3.0,36,14,2,25,7,1449,1008,0,74.88,230.0,23
2008-94,Kevin O'Connell,69,8,4,39.0,664.0,1151.0,7689.0,46.0,34.0,117.25,395.0,1312.0,19.0,16,31,999,12,19,1028,1345,0,77.0,225.0,23
2008-156,Dennis Dixon,61,9,4,40.0,444.0,695.0,5129.0,38.0,21.0,126.3,258.0,1208.0,12.0,31,18,2,20,14,1575,1212,0,75.25,195.0,23
2008-162,Erik Ainge,77,11,4,43.0,733.0,1210.0,8700.0,72.0,35.0,128.3,82.0,-227.0,1.0,34,17,3,21,13,1400,1136,0,77.5,225.0,22
2008-186,Colt Brennan,28,13,3,38.0,1115.0,1584.0,14193.0,131.0,42.0,167.1,267.0,547.0,15.0,28,11,10,19,5,1588,1096,0,74.38,207.0,25
2008-198,Andre Woodson,37,11,4,44.0,791.0,1278.0,9360.0,79.0,25.0,132.0,232.0,-490.0,5.0,21,27,8,10,22,1234,1470,0,76.0,229.0,24
2008-209,Matt Flynn,38,11,4,41.0,245.0,437.0,3096.0,31.0,13.0,150.27499999999998,128.0,340.0,5.0,43,9,1,26,8,1706,833,0,74.25,231.0,23
2008-223,Alex Brink,95,9,4,46.0,848.0,1451.0,10913.0,76.0,43.0,130.475,246.0,98.0,5.0,20,26,25,11,23,1246,1319,0,74.25,211.0,23
2009-1,Matthew Stafford,26,11,3,39.0,564.0,987.0,7731.0,51.0,33.0,130.46666666666667,141.0,213.0,6.0,30,9,1,16,8,1160,810,0,74.25,225.0,21
2009-5,Mark Sanchez,88,9,3,27.0,313.0,487.0,3965.0,41.0,16.0,125.90000000000002,70.0,33.0,4.0,34,5,1,22,5,1308,522,0,74.13,227.0,22
2009-17,Josh Freeman,36,2,3,35.0,680.0,1151.0,8078.0,44.0,34.0,122.43333333333334,214.0,343.0,20.0,17,20,24,9,15,1137,1109,0,77.75,248.0,21
2009-44,Pat White,96,3,4,49.0,507.0,783.0,6049.0,56.0,23.0,146.45,684.0,4480.0,47.0,42,9,2,22,6,1724,952,0,72.25,197.0,23
2009-101,Stephen McGee,79,2,4,40.0,485.0,815.0,5475.0,28.0,13.0,119.6,387.0,1750.0,11.0,25,24,17,14,18,1377,1396,0,74.88,225.0,23
2009-174,Tom Brandstater,24,13,4,45.0,584.0,989.0,6857.0,47.0,32.0,116.1,132.0,152.0,8.0,28,23,16,20,12,1579,1386,0,77.0,220.0,24
2009-201,Curtis Painter,65,4,4,46.0,987.0,1648.0,11163.0,67.0,46.0,119.575,225.0,348.0,13.0,25,25,11,13,19,1436,1329,0,74.88,225.0,24
2010-1,Sam Bradford,59,2,3,31.0,604.0,893.0,8403.0,88.0,16.0,163.93333333333334,77.0,36.0,5.0,31,10,1,20,6,1712,816,0,76.25,236.0,22
2010-25,Tim Tebow,20,11,4,55.0,661.0,995.0,9285.0,88.0,16.0,177.7,692.0,2947.0,57.0,48,7,1,29,6,2081,875,0,74.75,236.0,23
2010-48,Jimmy Clausen,57,6,3,35.0,695.0,1110.0,8148.0,60.0,27.0,132.6,175.0,-355.0,5.0,16,21,18,0,0,879,944,0,74.63,222.0,22
2010-85,Colt McCoy,78,2,4,53.0,1157.0,1645.0,13253.0,112.0,45.0,155.55,447.0,1571.0,20.0,45,8,1,27,6,2052,1045,0,73.13,216.0,24
2010-122,Mike Kafka,56,4,4,30.0,408.0,637.0,4265.0,19.0,20.0,112.85,268.0,887.0,11.0,27,23,22,15,17,1162,1266,0,75.13,225.0,23
2010-176,Rusty Smith,21,12,4,45.0,768.0,1361.0,10112.0,76.0,36.0,129.475,115.0,-335.0,5.0,25,25,999,19,10,1241,1509,0,77.0,224.0,23
2010-204,Tony Pike,14,3,3,27.0,421.0,682.0,5018.0,49.0,20.0,121.96666666666668,94.0,128.0,3.0,33,7,4,17,4,1336,826,0,77.75,223.0,24
2010-209,Levi Brown,84,12,2,23.0,522.0,830.0,6284.0,38.0,12.0,136.7,87.0,24.0,1.0,17,9,999,14,1,864,664,0,75.5,229.0,23
2011-1,Cam Newton,6,11,3,20.0,191.0,292.0,2908.0,30.0,7.0,124.8,285.0,1586.0,24.0,36,5,1,22,4,1740,849,0,77.0,248.0,22
2011-8,Jake Locker,94,9,4,40.0,619.0,1147.0,7639.0,53.0,35.0,115.725,454.0,1939.0,29.0,16,34,24,11,25,1136,1575,0,74.5,231.0,23
2011-10,Blaine Gabbert,50,2,3,31.0,568.0,933.0,6822.0,40.0,18.0,111.23333333333332,221.0,458.0,8.0,28,12,3,15,10,1356,920,0,76.38,234.0,21
2011-12,Christian Ponder,23,0,4,35.0,596.0,965.0,6872.0,49.0,30.0,122.0,296.0,833.0,10.0,33,20,16,19,14,1567,1225,0,74.0,229.0,23
2011-35,Andy Dalton,76,8,4,50.0,812.0,1317.0,10314.0,71.0,30.0,141.5,413.0,1611.0,22.0,44,8,2,27,5,1815,712,0,74.0,215.0,23
2011-36,Colin Kaepernick,52,13,4,51.0,740.0,1271.0,10098.0,82.0,24.0,143.125,600.0,4112.0,59.0,34,19,11,23,9,1995,1509,0,76.63,233.0,23
2011-74,Ryan Mallett,5,11,3,37.0,552.0,955.0,8385.0,69.0,24.0,140.6,135.0,-141.0,7.0,27,12,5,15,9,1296,908,0,78.75,253.0,23
2011-135,Ricky Stanzi,33,4,4,39.0,542.0,907.0,7377.0,56.0,31.0,93.5,160.0,-4.0,2.0,34,17,7,19,13,1293,815,0,76.38,223.0,24
2011-152,T.J. Yates,53,0,4,45.0,795.0,1277.0,9377.0,58.0,46.0,134.525,220.0,-333.0,7.0,28,23,17,15,17,1252,1093,0,76.0,215.0,24
2011-160,Nathan Enderle,30,13,4,46.0,779.0,1427.0,10084.0,74.0,60.0,122.4,228.0,-349.0,3.0,17,33,999,8,24,1264,1792,0,76.13,240.0,23
2011-180,Tyrod Taylor,93,0,4,50.0,495.0,865.0,7017.0,44.0,20.0,131.8,501.0,2196.0,23.0,42,13,4,29,6,1599,950,0,72.75,217.0,22
2011-208,Greg McElroy,1,11,4,35.0,436.0,658.0,5691.0,39.0,10.0,170.425,114.0,71.0,2.0,43,11,1,26,8,1687,826,0,73.88,220.0,23
2012-1,Andrew Luck,74,10,3,38.0,713.0,1064.0,9430.0,82.0,22.0,161.13333333333333,163.0,957.0,7.0,31,8,3,22,5,1546,856,0,76.0,234.0,22
2012-2,Robert Griffin III,9,2,4,41.0,800.0,1192.0,10366.0,78.0,17.0,154.64999999999998,528.0,2254.0,33.0,25,25,13,13,20,1579,1559,0,74.0,213.0,22
2012-8,Ryan Tannehill,79,2,4,50.0,484.0,774.0,5450.0,42.0,21.0,137.6,115.0,369.0,5.0,26,25,7,15,18,1641,1536,0,75.88,221.0,24
2012-22,Brandon Weeden,60,2,4,30.0,767.0,1103.0,9260.0,75.0,27.0,141.375,39.0,-150.0,1.0,41,11,2,25,8,2107,1338,0,75.5,221.0,28
2012-57,Brock Osweiler,4,10,3,25.0,412.0,680.0,5082.0,33.0,15.0,120.1,137.0,221.0,4.0,16,21,18,10,17,1086,925,0,78.88,242.0,21
2012-75,Russell Wilson,98,4,4,50.0,907.0,1489.0,11720.0,109.0,30.0,150.25,441.0,1421.0,23.0,31,21,4,18,15,1701,1259,0,70.63,204.0,23
2012-88,Nick Foles,3,10,4,36.0,938.0,1404.0,10068.0,67.0,33.0,133.525,106.0,-290.0,4.0,26,25,9,15,20,1522,1377,0,77.0,243.0,23
2012-102,Kirk Cousins,47,4,4,45.0,723.0,1128.0,9131.0,66.0,30.0,146.02499999999998,111.0,-127.0,1.0,37,16,5,24,9,1529,1176,0,74.63,214.0,24
2012-185,Ryan Lindley,69,8,4,49.0,961.0,1732.0,12690.0,90.0,47.0,128.875,90.0,-275.0,2.0,23,27,999,12,19,1353,1424,0,75.75,229.0,23
2012-253,Chandler Harnish,55,7,4,47.0,687.0,1110.0,8944.0,68.0,26.0,142.35000000000002,538.0,2983.0,24.0,35,19,24,26,8,1754,1204,0,73.63,219.0,24
2013-16,EJ Manuel,23,0,4,43.0,600.0,897.0,7741.0,47.0,28.0,146.325,298.0,827.0,11.0,38,16,3,23,11,1778,1067,0,76.0,237.0,23
2013-39,Geno Smith,96,2,4,44.0,988.0,1465.0,11662.0,98.0,21.0,145.525,245.0,342.0,4.0,35,17,5,19,11,1669,1301,0,74.38,218.0,22
2013-73,Mike Glennon,54,0,4,36.0,646.0,1069.0,7411.0,63.0,31.0,124.975,111.0,-280.0,3.0,29,22,21,15,17,1510,1305,0,79.13,225.0,23
2013-98,Matt Barkley,88,10,4,47.0,1001.0,1562.0,12327.0,116.0,48.0,147.825,132.0,-113.0,6.0,34,17,1,22,14,1593,1204,0,74.5,230.0,22
2013-110,Ryan Nassib,75,3,4,47.0,791.0,1312.0,9190.0,70.0,28.0,128.525,242.0,168.0,5.0,25,25,999,11,17,1222,1250,0,74.13,227.0,23
2013-112,Tyler Wilson,5,11,5,37.0,593.0,948.0,7765.0,52.0,26.0,128.0,110.0,-44.0,4.0,38,25,3,19,21,1965,1658,0,74.13,215.0,24
2013-115,Landry Jones,59,2,4,53.0,1388.0,2183.0,16646.0,123.0,52.0,140.82500000000002,132.0,-375.0,3.0,40,13,1,26,9,1935,1112,0,76.13,225.0,24
2013-234,Zac Dysert,45,7,4,46.0,1066.0,1672.0,12013.0,73.0,51.0,131.79999999999998,461.0,665.0,12.0,19,31,999,15,18,1025,1429,0,74.88,227.0,23
2013-237,B.J. Daniels,72,3,5,47.0,649.0,1132.0,8433.0,52.0,39.0,147.4,526.0,2068.0,25.0,32,31,10,10,25,1614,1378,0,70.63,222.0,24
2013-249,Sean Renfree,18,0,4,42.0,898.0,1389.0,9465.0,51.0,40.0,131.325,153.0,-167.0,9.0,17,32,999,8,24,1285,1607,0,75.13,219.0,23
2014-3,Blake Bortles,13,1,3,37.0,585.0,891.0,7598.0,56.0,19.0,153.9333333333333,195.0,561.0,15.0,27,12,10,18,7,1271,806,0,77.0,232.0,22
2014-22,Johnny Manziel,79,11,2,26.0,595.0,863.0,7820.0,63.0,22.0,164.10000000000002,345.0,2169.0,30.0,20,6,5,10,6,1153,702,0,71.75,207.0,21
2014-32,Teddy Bridgewater,41,1,3,39.0,781.0,1142.0,9817.0,72.0,24.0,154.66666666666666,226.0,170.0,6.0,30,9,7,17,5,1147,728,0,74.13,214.0,21
2014-36,Derek Carr,24,8,4,44.0,1087.0,1630.0,12843.0,113.0,24.0,148.825,164.0,190.0,5.0,32,20,15,24,8,1868,1530,0,74.38,214.0,23
2014-120,Logan Thomas,93,0,4,47.0,693.0,1248.0,9003.0,52.0,39.0,113.8,495.0,1359.0,24.0,37,17,5,25,9,1484,1083,0,78.13,248.0,23
2014-135,Tom Savage,64,0,3,31.0,430.0,757.0,5690.0,37.0,19.0,124.06666666666666,167.0,-319.0,4.0,20,18,25,7,15,967,904,0,75.88,228.0,24
2014-163,Aaron Murray,26,11,4,52.0,921.0,1478.0,13166.0,121.0,41.0,158.625,286.0,396.0,16.0,36,18,3,22,12,1871,1227,0,72.5,207.0,23
2014-164,A.J. McCarron,1,11,4,53.0,686.0,1026.0,9019.0,77.0,15.0,160.25,119.0,-50.0,3.0,46,7,1,28,6,1955,616,0,75.25,220.0,23
2014-178,Zach Mettenberger,38,11,3,30.0,407.0,659.0,5783.0,35.0,15.0,157.5666666666667,83.0,-313.0,0.0,33,7,1,20,6,1352,672,0,76.88,224.0,23
2014-183,David Fales,70,8,2,25.0,639.0,938.0,8382.0,66.0,22.0,162.05,90.0,-132.0,2.0,17,8,21,10,4,841,698,0,73.63,212.0,23
2014-194,Keith Wenning,8,7,4,49.0,1035.0,1642.0,11402.0,92.0,42.0,131.4,190.0,328.0,13.0,29,21,999,20,12,1506,1518,0,74.63,218.0,23
2014-213,Tajh Boyd,15,0,4,47.0,901.0,1402.0,11904.0,107.0,39.0,145.8,505.0,1165.0,26.0,38,15,3,25,8,1837,1265,0,72.63,222.0,23
2014-214,Garrett Gilbert,67,1,5,47.0,908.0,1548.0,9761.0,49.0,45.0,109.71999999999998,295.0,1013.0,20.0,38,26,2,24,18,1924,1541,0,75.88,221.0,23
2015-1,Jameis Winston,23,0,2,27.0,562.0,851.0,7964.0,65.0,28.0,165.15,145.0,284.0,7.0,27,1,1,18,0,1195,528,0,75.75,231.0,21
2015-2,Marcus Mariota,61,10,3,41.0,779.0,1167.0,10796.0,105.0,14.0,170.86666666666665,337.0,2237.0,29.0,36,5,1,24,4,1917,901,0,75.75,222.0,21
2015-75,Garrett Grayson,16,8,4,37.0,688.0,1113.0,9190.0,64.0,27.0,134.77499999999998,212.0,283.0,4.0,25,26,21,15,16,1459,1481,0,74.5,213.0,24
2015-89,Sean Mannion,62,10,4,47.0,1187.0,1838.0,13600.0,83.0,54.0,135.2,132.0,-804.0,2.0,24,26,7,15,21,1445,1425,0,77.63,229.0,23
2015-103,Bryce Petty,9,2,4,37.0,530.0,845.0,8195.0,62.0,10.0,170.47500000000002,192.0,338.0,21.0,40,12,3,26,10,2475,1606,0,74.88,230.0,24
2015-147,Brett Hundley,87,10,3,40.0,837.0,1241.0,9966.0,75.0,25.0,151.1,479.0,1747.0,30.0,29,11,7,18,10,1397,1052,0,75.25,226.0,22
2015-250,Trevor Siemian,56,4,4,44.0,550.0,934.0,5931.0,27.0,24.0,130.625,142.0,-23.0,6.0,26,24,16,12,20,1378,1280,0,74.88,210.0,23
2016-1,Jared Goff,12,10,3,37.0,977.0,1569.0,12200.0,96.0,30.0,144.03333333333333,170.0,-114.0,1.0,14,23,20,7,20,1228,1427,0,76.0,215.0,21
2016-26,Paxton Lynch,43,1,3,38.0,758.0,1205.0,8863.0,59.0,23.0,135.16666666666666,288.0,687.0,17.0,22,16,15,13,11,1227,903,0,78.63,244.0,22
2016-51,Christian Hackenberg,63,4,3,38.0,693.0,1235.0,8457.0,48.0,31.0,122.43333333333334,208.0,-242.0,6.0,21,17,999,10,14,913,840,0,76.38,223.0,21
2016-91,Jacoby Brissett,54,0,4,39.0,499.0,839.0,5723.0,46.0,15.0,122.2,283.0,902.0,12.0,33,19,3,16,16,1499,1139,0,75.75,231.0,23
2016-93,Cody Kessler,88,10,4,51.0,851.0,1261.0,10339.0,88.0,19.0,151.35000000000002,158.0,-425.0,7.0,34,20,1,23,14,1774,1300,0,73.25,220.0,23
2016-100,Connor Cook,47,4,4,43.0,673.0,1170.0,9194.0,71.0,22.0,132.125,176.0,209.0,3.0,43,11,2,27,7,1647,981,0,76.0,217.0,23
2016-135,Dak Prescott,49,11,4,49.0,734.0,1169.0,9376.0,70.0,23.0,148.27499999999998,536.0,2521.0,41.0,34,18,1,17,15,1670,1186,0,74.25,226.0,23
2016-139,Cardale Jones,58,4,3,23.0,160.0,257.0,2209.0,13.0,7.0,120.43333333333332,141.0,533.0,4.0,38,4,1,24,2,1773,843,0,77.0,253.0,23
2016-162,Kevin Hogan,74,10,4,51.0,727.0,1103.0,9385.0,75.0,29.0,154.05,315.0,1249.0,15.0,43,12,3,31,8,1724,1036,0,75.25,218.0,23
2016-187,Nate Sudfeld,32,4,4,38.0,593.0,983.0,7879.0,61.0,20.0,143.075,135.0,132.0,8.0,19,30,999,8,24,1606,1772,0,78.13,234.0,22
2016-191,Jake Rudock,46,4,3,38.0,666.0,1080.0,7836.0,54.0,27.0,133.83333333333334,192.0,560.0,12.0,25,14,12,15,9,1117,792,0,75.0,207.0,23
2016-201,Brandon Allen,5,11,4,42.0,583.0,1016.0,7463.0,64.0,26.0,118.475,135.0,133.0,4.0,22,28,8,9,23,1412,1340,0,73.38,217.0,24
2016-207,Jeff Driskel,40,5,5,42.0,609.0,1002.0,7444.0,50.0,28.0,119.42,312.0,972.0,14.0,38,25,3,23,17,1752,1307,0,76.0,234.0,23
2016-223,Brandon Doughty,97,5,5,43.0,1023.0,1491.0,12855.0,111.0,34.0,124.36,102.0,-285.0,3.0,42,22,24,28,12,2208,1806,0,74.75,213.0,24
2017-2,Mitchell Trubisky,53,0,3,34.0,386.0,572.0,4762.0,41.0,10.0,166.16666666666666,120.0,439.0,8.0,25,15,8,17,8,1422,1174,0,74.13,222.0,23
2017-10,Patrick Mahomes,81,2,3,32.0,857.0,1349.0,11252.0,93.0,29.0,151.79999999999998,308.0,820.0,22.0,16,21,999,9,18,1476,1584,0,74.13,225.0,21
2017-12,Deshaun Watson,15,0,3,38.0,814.0,1207.0,10163.0,90.0,32.0,165.33333333333334,435.0,1934.0,26.0,38,5,1,23,3,1566,812,0,74.13,221.0,21
2017-52,DeShone Kizer,57,6,2,25.0,423.0,696.0,5809.0,47.0,19.0,147.8,263.0,992.0,18.0,14,11,4,0,0,816,647,0,76.13,233.0,21
2017-87,Davis Webb,12,10,4,35.0,841.0,1367.0,9852.0,83.0,34.0,136.075,77.0,-100.0,9.0,24,26,10,13,23,1862,1970,0,76.63,229.0,22
2017-104,C.J. Beathard,33,4,4,41.0,454.0,782.0,5562.0,40.0,19.0,119.3,224.0,429.0,10.0,35,18,3,23,11,1466,1109,0,74.13,219.0,23
2017-135,Joshua Dobbs,77,11,4,37.0,614.0,999.0,7138.0,53.0,29.0,127.85,438.0,2160.0,32.0,30,21,9,14,18,1592,1298,0,75.25,216.0,22
2017-171,Nathan Peterman,64,0,4,36.0,398.0,663.0,5236.0,47.0,17.0,103.775,172.0,525.0,5.0,28,23,22,16,16,1561,1460,0,74.63,226.0,23
2017-215,Brad Kaaya,44,0,3,38.0,721.0,1189.0,9972.0,69.0,24.0,146.1,94.0,-386.0,4.0,23,16,10,13,11,1187,923,0,75.75,214.0,22
2017-253,Chad Kelly,48,11,3,27.0,513.0,803.0,6858.0,50.0,21.0,130.26666666666668,204.0,949.0,16.0,26,12,3,15,9,1444,990,0,73.75,224.0,23
2018-1,Baker Mayfield,59,2,4,48.0,1026.0,1497.0,14607.0,131.0,30.0,174.075,404.0,1083.0,21.0,42,11,2,30,7,2234,1437,0,72.63,215.0,23
2018-3,Sam Darnold,88,10,2,27.0,549.0,846.0,7229.0,57.0,22.0,154.6,137.0,332.0,7.0,21,6,3,16,3,903,681,0,75.38,221.0,21
2018-7,Josh Allen,99,8,3,27.0,365.0,649.0,5066.0,44.0,21.0,136.93333333333334,237.0,767.0,12.0,18,21,999,13,12,1036,1113,0,76.88,237.0,22
2018-10,Josh Rosen,87,10,3,30.0,712.0,1170.0,9341.0,59.0,26.0,140.0666666666667,109.0,-154.0,6.0,18,20,7,11,16,1140,1144,0,76.0,226.0,21
2018-32,Lamar Jackson,41,0,3,38.0,619.0,1086.0,9043.0,69.0,27.0,140.73333333333335,655.0,4132.0,50.0,25,14,3,16,8,1421,978,0,74.25,216.0,21
2018-76,Mason Rudolph,60,2,4,42.0,915.0,1447.0,13618.0,92.0,26.0,158.15,225.0,28.0,17.0,37,15,4,24,12,1960,1529,0,76.63,235.0,23
2018-171,Mike White,97,5,4,44.0,863.0,1393.0,11262.0,74.0,31.0,133.775,136.0,-470.0,6.0,23,28,999,17,16,1339,1360,0,76.63,224.0,23
2018-199,Luke Falk,95,10,4,42.0,1404.0,2055.0,14486.0,119.0,39.0,142.225,251.0,-400.0,4.0,29,22,8,21,15,1681,1501,0,75.63,215.0,23
2018-203,Tanner Lee,51,4,3,31.0,574.0,1040.0,6744.0,46.0,37.0,115.59999999999998,89.0,-384.0,2.0,10,26,999,6,19,737,1213,0,76.25,218.0,23
2018-219,Danny Etling,38,11,4,37.0,563.0,973.0,7076.0,43.0,19.0,126.8,201.0,70.0,7.0,21,28,5,12,20,1159,1271,0,74.5,222.0,24
2018-220,Alex McGough,22,5,4,46.0,806.0,1335.0,9091.0,65.0,37.0,126.675,308.0,535.0,16.0,21,28,999,15,17,1203,1444,0,75.38,214.0,22
2018-249,Logan Woodside,83,7,5,44.0,759.0,1166.0,10514.0,93.0,25.0,119.28000000000002,146.0,88.0,4.0,46,18,19,32,9,2295,1689,0,73.25,213.0,23
2019-1,Kyler Murray,59,2,3,29.0,350.0,519.0,5406.0,50.0,14.0,194.96666666666667,207.0,1478.0,13.0,32,9,2,22,6,1670,1131,0,70.13,207.0,22
2019-6,Daniel Jones,18,0,3,36.0,764.0,1275.0,8201.0,52.0,29.0,123.33333333333331,406.0,1323.0,17.0,19,19,22,7,17,1007,957,0,77.13,221.0,22
2019-15,Dwayne Haskins,58,4,2,22.0,413.0,590.0,5396.0,54.0,9.0,173.6,103.0,194.0,4.0,25,3,2,18,2,1169,623,0,75.38,231.0,22
2019-42,Drew Lock,50,11,4,50.0,883.0,1553.0,12193.0,99.0,39.0,134.3,203.0,437.0,9.0,24,26,21,11,21,1504,1317,0,75.75,228.0,22
2019-100,Will Grier,96,2,3,28.0,622.0,946.0,8558.0,81.0,23.0,161.20000000000002,147.0,148.0,7.0,25,14,6,18,9,1257,991,0,74.5,217.0,24
2019-104,Ryan Finley,54,0,5,47.0,939.0,1462.0,11147.0,63.0,30.0,129.57999999999998,214.0,382.0,5.0,46,20,14,27,14,2274,1586,0,76.0,213.0,24
2019-133,Jarrett Stidham,6,11,3,37.0,545.0,848.0,7217.0,48.0,13.0,162.56666666666666,211.0,224.0,9.0,28,12,2,16,10,1501,876,0,74.38,218.0,23
2019-167,Clayton Thorson,56,4,4,53.0,991.0,1696.0,10731.0,61.0,45.0,116.075,362.0,408.0,27.0,36,17,12,26,10,1311,1117,0,76.0,222.0,24
2019-178,Gardner Minshew II,95,10,3,30.0,761.0,1168.0,8266.0,62.0,20.0,133.56666666666666,96.0,43.0,4.0,17,20,7,10,15,1111,1276,0,73.0,225.0,23
2019-197,Trace McSorley,63,4,4,47.0,720.0,1215.0,9899.0,77.0,25.0,135.15,473.0,1697.0,30.0,38,15,2,26,10,1800,1121,0,72.13,202.0,24
2020-1,Joe Burrow,38,11,4,39.0,650.0,945.0,8852.0,78.0,11.0,153.825,258.0,820.0,13.0,48,7,1,31,5,2235,1078,0,75.63,221.0,23
2020-5,Tua Tagovailoa,1,11,3,33.0,474.0,684.0,7442.0,87.0,11.0,193.76666666666665,107.0,340.0,9.0,38,4,1,23,3,1817,680,0,72.0,217.0,22
2020-6,Justin Herbert,61,10,4,44.0,827.0,1293.0,10541.0,95.0,23.0,154.425,231.0,560.0,13.0,32,20,5,20,17,1841,1435,0,78.25,236.0,22
2020-26,Jordan Love,90,8,3,38.0,689.0,1125.0,8600.0,60.0,29.0,135.5666666666667,170.0,403.0,9.0,24,15,14,17,7,1390,1038,0,75.75,224.0,21
2020-53,Jalen Hurts,59,2,4,56.0,682.0,1046.0,9477.0,80.0,20.0,169.42499999999998,614.0,3274.0,43.0,53,5,1,35,2,2375,1015,0,73.0,222.0,22
2020-122,Jacob Eason,94,10,3,31.0,468.0,782.0,5590.0,39.0,16.0,118.26666666666668,82.0,-126.0,2.0,29,12,2,16,11,1266,810,0,77.88,231.0,22
2020-125,James Morgan,22,5,5,45.0,699.0,1221.0,8629.0,65.0,34.0,101.08,130.0,-168.0,3.0,31,33,999,22,19,1987,2003,0,76.0,229.0,23
2020-167,Jake Fromm,26,11,3,43.0,621.0,982.0,8224.0,78.0,18.0,157.49999999999997,134.0,40.0,3.0,36,7,2,22,6,1492,691,0,73.88,219.0,22
2020-189,Jake Luton,62,10,5,32.0,494.0,795.0,5610.0,43.0,15.0,100.42,116.0,-131.0,6.0,13,46,999,9,34,1574,2369,0,78.13,224.0,24
2020-224,Cole McDonald,28,8,3,33.0,616.0,1004.0,8032.0,70.0,24.0,135.63333333333333,251.0,880.0,12.0,21,20,999,11,14,1212,1376,0,75.13,215.0,22
2020-231,Ben DiNucci,35,0,2,12.0,91.0,167.0,1107.0,6.0,7.0,79.15,57.0,144.0,1.0,13,12,22,8,8,819,777,0,74.0,215.0,23
2020-240,Tommy Stevens,49,11,4,32.0,121.0,202.0,1459.0,15.0,6.0,152.625,159.0,887.0,12.0,37,16,2,25,11,1858,1212,0,77.0,235.0,23
2020-244,Nate Stanley,33,4,4,45.0,673.0,1155.0,8302.0,68.0,23.0,129.075,161.0,-104.0,2.0,35,17,13,21,15,1431,917,0,75.75,235.0,23
2021-1,Trevor Lawrence,15,0,3,40.0,758.0,1138.0,10098.0,90.0,17.0,164.49999999999997,231.0,943.0,18.0,39,3,1,27,1,1845,642,0,77.63,213.0,21
2021-2,Zach Wilson,7,6,3,30.0,566.0,837.0,7652.0,56.0,15.0,161.46666666666667,212.0,642.0,15.0,25,13,8,0,0,1246,793,0,74.13,214.0,22
2021-11,Justin Fields,58,4,3,34.0,423.0,618.0,5701.0,67.0,9.0,176.9,260.0,1133.0,19.0,31,5,2,23,2,1514,667,0,74.75,227.0,22
2021-15,Mac Jones,1,11,3,39.0,413.0,556.0,6126.0,56.0,7.0,177.73333333333335,54.0,42.0,2.0,38,3,1,26,2,1928,765,0,75.0,220.0,23
2021-64,Kyle Trask,20,11,4,29.0,552.0,813.0,7386.0,69.0,15.0,119.15,132.0,54.0,8.0,38,13,3,25,11,1676,1049,0,77.25,236.0,23
2021-66,Kellen Mond,79,11,4,47.0,801.0,1358.0,9661.0,71.0,27.0,130.45,438.0,1608.0,22.0,33,16,4,21,12,1603,1238,0,74.63,211.0,22
2021-67,Davis Mills,74,10,3,14.0,287.0,438.0,3468.0,18.0,8.0,94.90000000000002,63.0,86.0,3.0,17,14,7,13,11,805,846,0,76.0,225.0,22
2021-133,Ian Book,57,0,5,48.0,728.0,1141.0,8948.0,72.0,20.0,113.34,360.0,1518.0,17.0,47,16,2,9,1,2103,1319,0,72.0,211.0,23
2021-218,Sam Ehlinger,78,2,4,46.0,923.0,1476.0,11436.0,94.0,27.0,143.35,554.0,1907.0,33.0,32,18,6,22,14,1703,1280,0,73.13,220.0,22
2022-20,Kenny Pickett,64,0,5,52.0,1045.0,1674.0,12303.0,81.0,32.0,132.68,416.0,809.0,20.0,37,27,13,26,18,1820,1601,0,75.25,217.0,24
2022-74,Desmond Ridder,14,1,4,50.0,810.0,1304.0,10239.0,87.0,28.0,145.425,502.0,2179.0,28.0,44,7,2,29,4,1760,916,0,75.38,211.0,23
2022-86,Malik Willis,39,6,4,38.0,388.0,618.0,5191.0,48.0,18.0,148.625,366.0,2131.0,29.0,36,15,4,7,2,1733,1014,0,72.5,219.0,23
2022-94,Matt Corral,48,11,4,37.0,614.0,912.0,8287.0,57.0,23.0,162.2,334.0,1338.0,18.0,24,23,8,13,20,1556,1456,0,73.63,212.0,23
2022-137,Bailey Zappe,97,5,1,14.0,475.0,687.0,5967.0,62.0,11.0,168.7,51.0,17.0,3.0,9,5,999,7,2,619,411,0,72.5,215.0,23
2022-144,Sam Howell,53,0,3,37.0,713.0,1117.0,10283.0,92.0,23.0,164.49999999999997,369.0,1009.0,17.0,21,17,5,15,13,1388,1078,0,72.63,218.0,21
2022-247,Skylar Thompson,36,2,5,45.0,552.0,885.0,7134.0,42.0,16.0,145.74,355.0,1087.0,26.0,33,28,16,21,24,1699,1505,0,73.88,217.0,25
2022-262,Brock Purdy,34,2,4,48.0,993.0,1467.0,12170.0,81.0,33.0,153.025,365.0,1177.0,19.0,31,20,7,24,13,1568,1159,0,72.63,212.0,22
2023-1,Bryce Young,1,11,3,35.0,624.0,949.0,8356.0,80.0,12.0,154.79999999999998,139.0,162.0,7.0,37,4,1,25,4,1762,790,0,70.13,204.0,22
2023-2,C.J. Stroud,58,4,3,27.0,575.0,830.0,8123.0,85.0,12.0,121.43333333333332,80.0,136.0,1.0,29,5,2,22,2,1497,775,0,75.0,214.0,21
2023-4,Anthony Richardson,20,11,3,24.0,215.0,393.0,3105.0,24.0,15.0,167.83333333333334,161.0,1116.0,12.0,20,18,3,13,14,1261,1093,0,76.25,244.0,21
2023-33,Will Levis,37,11,4,39.0,479.0,738.0,5877.0,46.0,25.0,133.875,312.0,742.0,17.0,32,16,5,19,15,1418,989,0,75.88,229.0,24
2023-68,Hendon Hooker,77,11,5,49.0,632.0,944.0,8974.0,80.0,12.0,135.24,517.0,2079.0,25.0,37,26,2,24,18,2241,1751,0,75.25,217.0,25
2023-127,Jake Haener,24,8,4,33.0,740.0,1085.0,9120.0,68.0,18.0,154.07500000000002,175.0,-96.0,8.0,33,14,6,25,8,1428,948,0,71.63,207.0,24
2023-128,Stetson Bennett,26,11,4,42.0,601.0,923.0,8429.0,66.0,21.0,159.64999999999998,141.0,530.0,14.0,49,5,1,32,5,1949,743,0,71.38,192.0,25
2023-135,Aidan O'Connell,65,4,4,33.0,826.0,1238.0,9219.0,65.0,30.0,139.175,95.0,-274.0,2.0,23,22,25,17,17,1223,1220,0,75.0,210.0,25
2023-139,Clayton Tune,29,1,5,47.0,956.0,1498.0,11996.0,104.0,41.0,142.99999999999997,412.0,1251.0,15.0,35,25,16,23,16,2150,1851,0,74.5,220.0,24
2023-140,Dorian Thompson-Robinson,87,10,5,50.0,860.0,1359.0,10710.0,88.0,36.0,144.95999999999998,471.0,1826.0,28.0,27,29,9,22,21,1811,1739,0,73.63,203.0,23
2023-149,Sean Clifford,63,4,5,51.0,833.0,1356.0,10661.0,86.0,31.0,194.1,388.0,1073.0,15.0,42,19,4,28,17,1962,1186,0,74.0,218.0,25
2023-164,Jaren Hall,7,6,4,31.0,468.0,718.0,6174.0,52.0,11.0,117.05,181.0,800.0,9.0,32,20,10,0,0,1561,1314,0,72.13,207.0,25
2023-188,Tanner McKee,74,10,3,23.0,473.0,748.0,5336.0,28.0,15.0,127.46666666666664,135.0,-90.0,6.0,10,20,999,7,17,677,965,0,78.25,231.0,23
2023-239,Max Duggan,76,2,4,47.0,739.0,1225.0,9618.0,73.0,28.0,141.125,488.0,1856.0,28.0,29,20,2,20,17,1598,1413,0,73.5,207.0,22
2024-1,Caleb Williams,88,10,3,37.0,735.0,1099.0,10082.0,93.0,14.0,169.4,289.0,966.0,27.0,30,10,2,20,8,1631,1191,0,73.13,214.0,22
2024-2,Jayden Daniels,38,11,5,55.0,953.0,1438.0,12749.0,89.0,20.0,156.71999999999997,617.0,3307.0,34.0,38,19,5,24,15,1927,1334,0,75.25,210.0,23
2024-3,Drake Maye,53,0,3,30.0,618.0,952.0,8018.0,63.0,16.0,161.5666666666667,302.0,1209.0,16.0,23,17,10,14,12,1389,1203,0,76.38,223.0,22
2024-8,Michael Penix,94,10,6,48.0,1067.0,1685.0,13741.0,96.0,34.0,138.33333333333334,134.0,265.0,13.0,46,27,2,30,23,2224,1945,0,74.25,216.0,24
2024-10,J.J. McCarthy,46,4,3,40.0,482.0,713.0,6226.0,49.0,11.0,158.23333333333335,161.0,632.0,10.0,40,3,1,29,1,1605,624,0,74.5,219.0,21
2024-12,Bo Nix,61,10,5,61.0,1286.0,1936.0,15351.0,113.0,26.0,146.57999999999998,405.0,1613.0,38.0,43,21,5,29,16,2199,1396,0,74.13,214.0,24
2024-150,Spencer Rattler,71,11,5,48.0,900.0,1313.0,10807.0,77.0,32.0,154.0,297.0,410.0,16.0,45,18,2,30,14,2301,1647,0,72.25,211.0,23
2024-171,Jordan Travis,23,0,6,49.0,637.0,1027.0,8715.0,66.0,20.0,131.25,417.0,1950.0,31.0,39,34,3,24,25,2116,2071,0,73.13,203.0,24
2024-193,Joe Milton,77,11,6,43.0,400.0,649.0,5353.0,37.0,11.0,145.01666666666665,174.0,661.0,12.0,48,23,2,30,18,2562,1666,0,77.13,235.0,24
2024-218,Devin Leary,37,11,5,43.0,777.0,1315.0,9553.0,87.0,28.0,135.04000000000002,178.0,-81.0,6.0,36,26,10,21,21,1719,1532,0,73.25,215.0,24
2024-245,Michael Pratt,85,1,4,46.0,729.0,1203.0,9602.0,90.0,26.0,147.5,447.0,1145.0,28.0,31,21,9,20,14,1620,1343,0,74.5,217.0,22
